log(HZ25AMC-IOT04),Arushi Arunkumar
Console.log(HZ25AMC-IOT04),Premraviraj
Hacktastic(HZ25AMC-IOT09),AryanR1721
Matrix(HZ25AMC-AIML04),Pavan-RESTs
The Mavericks(HZ25AMC-IOT03),KAUSHALK123
Holobites(HZ25AMC-AIML07),pranava-mk
Heralds(HZ25AMC-IOT07),altafansari22
ElectroStorm(HZ25AMC-IOT05),Amitkumarsingh01
Secure Soldiers(HZ25AMC-CS04),Goldi-thakur
Tech Titans(HZ25AMC-AIML06),Amutha30
404 Brain Not Found(HZ25AMC-IOT02),radz_15
Tech Natives(HZ25AMC-W3BC02),swet40
NAP_Hacks(HZ25AMC-W3BC04),priyadharshiniep05
Random Team(HZ25AMC-CS02),karnamsuchit
Cosmic Questers(HZ25AMC-AIML10),Iqra2243
Vigilant(HZ25AMC-CS03),Elson18
Craft.Co(HZ25AMC-IOT01),Yashwanthgethub
Shenanigans(HZ25AMC-W3BC01),rahilmasood
Swastik(HZ25AMC-IOT10),Sharath-mani
Hack Elite(HZ25AMC-CS01),Vishasel
Software Ninjas(HZ25AMC-AIML09),pradheep-git30
CodeShield(HZ25AMC-AIML08),NamrathaNRpetemane
Digital Dreamer(HZ25AMC-AIML03),ThaveenSriC
Code Ninjas(HZ25AMC-W3BC03),Abish100
Vortex(HZ25AMC-AIML01),RISHIKUMARTHAKUR
Future Coders(HZ25AMC-CS02),savitha1311
Nethra Setu(HZ25AMC-CS02),vishnumr18