log(HZ25AMC-IOT04),Arushi Arunkumar
Craft.Co (HZ25AMC-IOT01),Yashwanthgethub
404 Brain not found (HZ25AMC-IOT02),radz_15
The Mavericks (HZ25AMC-IOT03),KAUSHALK123
Console.log (HZ25AMC-IOT04),Premraviraj
ElectroStorm (HZ25AMC-IOT05),Amitkumarsingh01
Farmion Force (HZ25AMC-IOT06),heatly
Heralds  (HZ25AMC-IOT07),altafansari22
SuperNova (HZ25AMC-IOT08),santhoshkumar150822
Hacktastic (HZ25AMC-IOT09),AryanR1721
Swastik (HZ25AMC-IOT10),Sharath-mani
Vortex (HZ25AMC-AIML01),Elson18
Matrix (HZ25AMC-AIML04),Pavan-RESTs
Random Team(HZ25AMC-CS02),karnamsuchit
Tech Titans  (HZ25AMC-AIML06),Amutha30
Holobites (HZ25AMC-AIML07),pranava-mk
CodeShield (HZ25AMC-AIML08),NamrathaNRpetemane
Software Ninjas (HZ25AMC-AIML09),pradheep-git30
Cosmic Questers (HZ25AMC-AIML10),Iqra2243
CODERED (HZ25AMC-AIML11),MANOJ9902
CodeCure (HZ25AMC-AIML12),avinashmaharoliya
Team Recursion (HZ25AMC-AIML13),git-shubhash
Shenanigang (HZ25AMC-W3BC01),rahilmasood
Tech Natives (HZ25AMC-W3BC02),swet40
NAP_Hacks (HZ25AMC-W3BC04),priyadharshiniep05
Advaita (HZ25AMC-W3BC05),mauryaad1tya
HackElite (HZ25AMC-CS01),Vishasel
Vigilant (HZ25AMC-CS03),RISHIKUMARTHAKUR
SecureSoldiers (HZ25AMC-CS04),Goldi-thakur
Pheonix (HZ25AMC-CS06),abhijithr12
Theory Titans (HZ25AMC-CS07),heloosy
Hello(HZ25AMC-IOT04),vishnumr18